_id,PROMEDIO_ALTAS,PROMEDIO_BAJAS
null,1.7041666666666666,1.0958333333333334
